curve_id,category,source,size_bin,algorithm,compression_target,original_vertices,simplified_vertices,achieved_compression,max_perp_error,hausdorff,runtime_ms
UNNAMED_107,Mechanical,Proposed_Trails.geojson,small,DP,0.3,2,2,0.0,0.0,0.0,0.003600027412176132
UNNAMED_107,Mechanical,Proposed_Trails.geojson,small,VW,0.3,2,2,0.0,0.0,0.0,0.0019999570213258266
UNNAMED_107,Mechanical,Proposed_Trails.geojson,small,DP,0.5,2,2,0.0,0.0,0.0,0.001500011421740055
UNNAMED_107,Mechanical,Proposed_Trails.geojson,small,VW,0.5,2,2,0.0,0.0,0.0,0.001600012183189392
UNNAMED_107,Mechanical,Proposed_Trails.geojson,small,DP,0.7,2,2,0.0,0.0,0.0,0.000500003807246685
UNNAMED_107,Mechanical,Proposed_Trails.geojson,small,VW,0.7,2,2,0.0,0.0,0.0,0.000900006853044033
UNNAMED_107,Mechanical,Proposed_Trails.geojson,small,DP,0.9,2,2,0.0,0.0,0.0,0.000500003807246685
UNNAMED_107,Mechanical,Proposed_Trails.geojson,small,VW,0.9,2,2,0.0,0.0,0.0,0.000600004568696022
UNNAMED_13,Mechanical,Proposed_Trails.geojson,small,DP,0.3,2,2,0.0,0.0,0.0,0.000500003807246685
UNNAMED_13,Mechanical,Proposed_Trails.geojson,small,VW,0.3,2,2,0.0,0.0,0.0,0.000600004568696022
UNNAMED_13,Mechanical,Proposed_Trails.geojson,small,DP,0.5,2,2,0.0,0.0,0.0,0.00039994483813643456
UNNAMED_13,Mechanical,Proposed_Trails.geojson,small,VW,0.5,2,2,0.0,0.0,0.0,0.000500003807246685
UNNAMED_13,Mechanical,Proposed_Trails.geojson,small,DP,0.7,2,2,0.0,0.0,0.0,0.000300002284348011
UNNAMED_13,Mechanical,Proposed_Trails.geojson,small,VW,0.7,2,2,0.0,0.0,0.0,0.00039994483813643456
UNNAMED_13,Mechanical,Proposed_Trails.geojson,small,DP,0.9,2,2,0.0,0.0,0.0,0.000400003045797348
UNNAMED_13,Mechanical,Proposed_Trails.geojson,small,VW,0.9,2,2,0.0,0.0,0.0,0.000500003807246685
UNNAMED_161,Mechanical,Proposed_Trails.geojson,small,DP,0.3,2,2,0.0,0.0,0.0,0.001500011421740055
UNNAMED_161,Mechanical,Proposed_Trails.geojson,small,VW,0.3,2,2,0.0,0.0,0.0,0.000800006091594696
UNNAMED_161,Mechanical,Proposed_Trails.geojson,small,DP,0.5,2,2,0.0,0.0,0.0,0.000400003045797348
UNNAMED_161,Mechanical,Proposed_Trails.geojson,small,VW,0.5,2,2,0.0,0.0,0.0,0.000600004568696022
UNNAMED_161,Mechanical,Proposed_Trails.geojson,small,DP,0.7,2,2,0.0,0.0,0.0,0.000300002284348011
UNNAMED_161,Mechanical,Proposed_Trails.geojson,small,VW,0.7,2,2,0.0,0.0,0.0,0.000400003045797348
UNNAMED_161,Mechanical,Proposed_Trails.geojson,small,DP,0.9,2,2,0.0,0.0,0.0,0.000400003045797348
UNNAMED_161,Mechanical,Proposed_Trails.geojson,small,VW,0.9,2,2,0.0,0.0,0.0,0.000400003045797348
UNNAMED_109,Mechanical,Proposed_Trails.geojson,small,DP,0.3,3,3,0.0,0.0,0.0,0.000700005330145359
UNNAMED_109,Mechanical,Proposed_Trails.geojson,small,VW,0.3,3,3,0.0,0.0,0.0,0.000700005330145359
UNNAMED_109,Mechanical,Proposed_Trails.geojson,small,DP,0.5,3,2,0.33333333333333337,4.674362361806757e-05,0.0007821206386602584,0.10489998385310173
UNNAMED_109,Mechanical,Proposed_Trails.geojson,small,VW,0.5,3,2,0.33333333333333337,4.674362361806757e-05,0.0007821206386602584,0.032400013878941536
UNNAMED_109,Mechanical,Proposed_Trails.geojson,small,DP,0.7,3,2,0.33333333333333337,4.674362361806757e-05,0.0007821206386602584,0.14259997988119721
UNNAMED_109,Mechanical,Proposed_Trails.geojson,small,VW,0.7,3,2,0.33333333333333337,4.674362361806757e-05,0.0007821206386602584,0.1846999512054026
UNNAMED_109,Mechanical,Proposed_Trails.geojson,small,DP,0.9,3,2,0.33333333333333337,4.674362361806757e-05,0.0007821206386602584,0.12749998131766915
UNNAMED_109,Mechanical,Proposed_Trails.geojson,small,VW,0.9,3,2,0.33333333333333337,4.674362361806757e-05,0.0007821206386602584,0.015300000086426735
UNNAMED_122,Mechanical,Proposed_Trails.geojson,small,DP,0.3,3,3,0.0,0.0,0.0,0.001300009898841381
UNNAMED_122,Mechanical,Proposed_Trails.geojson,small,VW,0.3,3,3,0.0,0.0,0.0,0.00100000761449337
UNNAMED_122,Mechanical,Proposed_Trails.geojson,small,DP,0.5,3,2,0.33333333333333337,0.00010376509539940536,0.0005414075868396379,0.15159999020397663
UNNAMED_122,Mechanical,Proposed_Trails.geojson,small,VW,0.5,3,2,0.33333333333333337,0.00010376509539940536,0.0005414075868396379,0.01580000389367342
UNNAMED_122,Mechanical,Proposed_Trails.geojson,small,DP,0.7,3,2,0.33333333333333337,0.00010376509539940536,0.0005414075868396379,0.1517999917268753
UNNAMED_122,Mechanical,Proposed_Trails.geojson,small,VW,0.7,3,2,0.33333333333333337,0.00010376509539940536,0.0005414075868396379,0.015099998563528061
UNNAMED_122,Mechanical,Proposed_Trails.geojson,small,DP,0.9,3,2,0.33333333333333337,0.00010376509539940536,0.0005414075868396379,0.21970004308968782
UNNAMED_122,Mechanical,Proposed_Trails.geojson,small,VW,0.9,3,2,0.33333333333333337,0.00010376509539940536,0.0005414075868396379,0.021299987565726042
UNNAMED_148,Mechanical,Proposed_Trails.geojson,small,DP,0.3,3,3,0.0,0.0,0.0,0.001500011421740055
UNNAMED_148,Mechanical,Proposed_Trails.geojson,small,VW,0.3,3,3,0.0,0.0,0.0,0.001300009898841381
UNNAMED_148,Mechanical,Proposed_Trails.geojson,small,DP,0.5,3,2,0.33333333333333337,6.349697006933012e-05,0.0005344625963217306,0.13149995356798172
UNNAMED_148,Mechanical,Proposed_Trails.geojson,small,VW,0.5,3,2,0.33333333333333337,6.349697006933012e-05,0.0005344625963217306,0.015500001609325409
UNNAMED_148,Mechanical,Proposed_Trails.geojson,small,DP,0.7,3,2,0.33333333333333337,6.349697006933012e-05,0.0005344625963217306,0.15300000086426735
UNNAMED_148,Mechanical,Proposed_Trails.geojson,small,VW,0.7,3,2,0.33333333333333337,6.349697006933012e-05,0.0005344625963217306,0.014999997802078724
UNNAMED_148,Mechanical,Proposed_Trails.geojson,small,DP,0.9,3,2,0.33333333333333337,6.349697006933012e-05,0.0005344625963217306,0.13000000035390258
UNNAMED_148,Mechanical,Proposed_Trails.geojson,small,VW,0.9,3,2,0.33333333333333337,6.349697006933012e-05,0.0005344625963217306,0.015300000086426735
UNNAMED_357,Mechanical,Proposed_Trails.geojson,small,DP,0.3,3,3,0.0,0.0,0.0,0.0010999501682817936
UNNAMED_357,Mechanical,Proposed_Trails.geojson,small,VW,0.3,3,3,0.0,0.0,0.0,0.001100008375942707
UNNAMED_357,Mechanical,Proposed_Trails.geojson,small,DP,0.5,3,2,0.33333333333333337,7.460240971991282e-05,0.0005916702335336073,0.1686000032350421
UNNAMED_357,Mechanical,Proposed_Trails.geojson,small,VW,0.5,3,2,0.33333333333333337,7.460240971991282e-05,0.0005916702335336073,0.014899997040629387
UNNAMED_357,Mechanical,Proposed_Trails.geojson,small,DP,0.7,3,2,0.33333333333333337,7.460240971991282e-05,0.0005916702335336073,0.12600002810359
UNNAMED_357,Mechanical,Proposed_Trails.geojson,small,VW,0.7,3,2,0.33333333333333337,7.460240971991282e-05,0.0005916702335336073,0.011999974958598614
UNNAMED_357,Mechanical,Proposed_Trails.geojson,small,DP,0.9,3,2,0.33333333333333337,7.460240971991282e-05,0.0005916702335336073,0.1493000308983028
UNNAMED_357,Mechanical,Proposed_Trails.geojson,small,VW,0.9,3,2,0.33333333333333337,7.460240971991282e-05,0.0005916702335336073,0.014400051441043615
UNNAMED_128,Mechanical,Proposed_Trails.geojson,small,DP,0.3,4,3,0.25,2.9602492798566425e-05,0.0003900005733009224,0.22500002523884177
UNNAMED_128,Mechanical,Proposed_Trails.geojson,small,VW,0.3,4,3,0.25,2.9602492798566425e-05,0.0003900005733009224,0.017300015315413475
UNNAMED_128,Mechanical,Proposed_Trails.geojson,small,DP,0.5,4,2,0.5,0.00016097283975899173,0.0010586489793769222,0.18750003073364496
UNNAMED_128,Mechanical,Proposed_Trails.geojson,small,VW,0.5,4,2,0.5,0.00016097283975899173,0.0010586489793769222,0.03779999678954482
UNNAMED_128,Mechanical,Proposed_Trails.geojson,small,DP,0.7,4,2,0.5,0.00016097283975899173,0.0010586489793769222,0.18480001017451286
UNNAMED_128,Mechanical,Proposed_Trails.geojson,small,VW,0.7,4,2,0.5,0.00016097283975899173,0.0010586489793769222,0.01580000389367342
UNNAMED_128,Mechanical,Proposed_Trails.geojson,small,DP,0.9,4,2,0.5,0.00016097283975899173,0.0010586489793769222,0.21109997760504484
UNNAMED_128,Mechanical,Proposed_Trails.geojson,small,VW,0.9,4,2,0.5,0.00016097283975899173,0.0010586489793769222,0.020200037397444248
UNNAMED_356,Mechanical,Proposed_Trails.geojson,small,DP,0.3,4,3,0.25,5.570781392155103e-05,0.00012323924256998713,0.2193999825976789
UNNAMED_356,Mechanical,Proposed_Trails.geojson,small,VW,0.3,4,3,0.25,6.026761468207022e-05,0.00012323924256998713,0.016400008462369442
UNNAMED_356,Mechanical,Proposed_Trails.geojson,small,DP,0.5,4,2,0.5,8.010588057112121e-05,0.0021640562902836705,0.17140002455562353
UNNAMED_356,Mechanical,Proposed_Trails.geojson,small,VW,0.5,4,2,0.5,8.010588057112121e-05,0.0021640562902836705,0.016499951016157866
UNNAMED_356,Mechanical,Proposed_Trails.geojson,small,DP,0.7,4,2,0.5,8.010588057112121e-05,0.0021640562902836705,0.17910002497956157
UNNAMED_356,Mechanical,Proposed_Trails.geojson,small,VW,0.7,4,2,0.5,8.010588057112121e-05,0.0021640562902836705,0.04800001624971628
UNNAMED_356,Mechanical,Proposed_Trails.geojson,small,DP,0.9,4,2,0.5,8.010588057112121e-05,0.0021640562902836705,0.17549999756738544
UNNAMED_356,Mechanical,Proposed_Trails.geojson,small,VW,0.9,4,2,0.5,8.010588057112121e-05,0.0021640562902836705,0.018000020645558834
UNNAMED_11,Mechanical,Proposed_Trails.geojson,small,DP,0.3,5,4,0.19999999999999996,2.9191979409018804e-05,0.0005872517874778717,0.31540001509711146
UNNAMED_11,Mechanical,Proposed_Trails.geojson,small,VW,0.3,5,4,0.19999999999999996,2.9191979409018804e-05,0.0005872517874778717,0.01899997005239129
UNNAMED_11,Mechanical,Proposed_Trails.geojson,small,DP,0.5,5,3,0.4,6.615001344616802e-05,0.0005872517874778717,0.3434999962337315
UNNAMED_11,Mechanical,Proposed_Trails.geojson,small,VW,0.5,5,3,0.4,6.615001344616802e-05,0.0005872517874778717,0.025900022592395544
UNNAMED_11,Mechanical,Proposed_Trails.geojson,small,DP,0.7,5,2,0.6,0.00019682416750604046,0.0006807532783664956,0.23360003251582384
UNNAMED_11,Mechanical,Proposed_Trails.geojson,small,VW,0.7,5,2,0.6,0.00019682416750604046,0.0006807532783664956,0.02300000051036477
UNNAMED_11,Mechanical,Proposed_Trails.geojson,small,DP,0.9,5,2,0.6,0.00019682416750604046,0.0006807532783664956,0.2578999847173691
UNNAMED_11,Mechanical,Proposed_Trails.geojson,small,VW,0.9,5,2,0.6,0.00019682416750604046,0.0006807532783664956,0.023699947632849216
Morro bay to cayucos connector,Mechanical,Proposed_Trails.geojson,small,DP,0.3,6,5,0.16666666666666663,0.0003333112408727574,0.008319439325617654,0.5015000351704657
Morro bay to cayucos connector,Mechanical,Proposed_Trails.geojson,small,VW,0.3,6,5,0.16666666666666663,0.0003333112408727574,0.008319439325617654,0.033400021493434906
Morro bay to cayucos connector,Mechanical,Proposed_Trails.geojson,small,DP,0.5,6,3,0.5,0.0015676822657287536,0.010934343405810622,0.3711999743245542
Morro bay to cayucos connector,Mechanical,Proposed_Trails.geojson,small,VW,0.5,6,3,0.5,0.0015676822657287536,0.010934343405810622,0.037299992982298136
Morro bay to cayucos connector,Mechanical,Proposed_Trails.geojson,small,DP,0.7,6,2,0.6666666666666667,0.0036631106812904882,0.018366441344806222,0.2891999902203679
Morro bay to cayucos connector,Mechanical,Proposed_Trails.geojson,small,VW,0.7,6,2,0.6666666666666667,0.0036631106812904882,0.018366441344806222,0.03239995567128062
Morro bay to cayucos connector,Mechanical,Proposed_Trails.geojson,small,DP,0.9,6,2,0.6666666666666667,0.0036631106812904882,0.018366441344806222,0.2863999688997865
Morro bay to cayucos connector,Mechanical,Proposed_Trails.geojson,small,VW,0.9,6,2,0.6666666666666667,0.0036631106812904882,0.018366441344806222,0.029199989512562752
UNNAMED_106,Mechanical,Proposed_Trails.geojson,small,DP,0.3,7,5,0.2857142857142857,3.692390068563707e-05,0.0008639586554588436,0.5601999582722783
UNNAMED_106,Mechanical,Proposed_Trails.geojson,small,VW,0.3,7,5,0.2857142857142857,3.692390068563707e-05,0.0008639586554588436,0.030800001695752144
UNNAMED_106,Mechanical,Proposed_Trails.geojson,small,DP,0.5,7,4,0.4285714285714286,7.770080225653543e-05,0.0008639586554588436,0.5123000009916723
UNNAMED_106,Mechanical,Proposed_Trails.geojson,small,VW,0.5,7,4,0.4285714285714286,7.770080225653543e-05,0.0008639586554588436,0.036999990697950125
UNNAMED_106,Mechanical,Proposed_Trails.geojson,small,DP,0.7,7,3,0.5714285714285714,0.00016077979142722936,0.001262978870499063,0.3449000068940222
UNNAMED_106,Mechanical,Proposed_Trails.geojson,small,VW,0.7,7,3,0.5714285714285714,0.00016077979142722936,0.001262978870499063,0.02789997961372137
UNNAMED_106,Mechanical,Proposed_Trails.geojson,small,DP,0.9,7,2,0.7142857142857143,0.0008392606466663247,0.0025472688237768927,0.23390003480017185
UNNAMED_106,Mechanical,Proposed_Trails.geojson,small,VW,0.9,7,2,0.7142857142857143,0.0008392606466663247,0.0025472688237768927,0.026800029445439577
Creston to Salinas River Trail,Mechanical,Proposed_Trails.geojson,small,DP,0.3,9,7,0.2222222222222222,4.903500750552771e-05,0.0004385895743557922,0.4856999730691314
Creston to Salinas River Trail,Mechanical,Proposed_Trails.geojson,small,VW,0.3,9,7,0.2222222222222222,7.911678959668058e-05,0.00027576817541446547,0.02370000584051013
Creston to Salinas River Trail,Mechanical,Proposed_Trails.geojson,small,DP,0.5,9,5,0.4444444444444444,7.540044901395497e-05,0.0015309034449636119,0.457499991171062
Creston to Salinas River Trail,Mechanical,Proposed_Trails.geojson,small,VW,0.5,9,5,0.4444444444444444,7.911678959668058e-05,0.0004385895743557922,0.029399991035461426
Creston to Salinas River Trail,Mechanical,Proposed_Trails.geojson,small,DP,0.7,9,3,0.6666666666666667,8.156948724074533e-05,0.0015309034449636119,0.3749000024981797
Creston to Salinas River Trail,Mechanical,Proposed_Trails.geojson,small,VW,0.7,9,3,0.6666666666666667,8.156948724074533e-05,0.0015309034449636119,0.02970005152747035
Creston to Salinas River Trail,Mechanical,Proposed_Trails.geojson,small,DP,0.9,9,2,0.7777777777777778,0.00039045977204732636,0.0026912598142835847,0.3643999807536602
Creston to Salinas River Trail,Mechanical,Proposed_Trails.geojson,small,VW,0.9,9,2,0.7777777777777778,0.00039045977204732636,0.0026912598142835847,0.03589998232200742
Creston to Paso Robles Trail,Mechanical,Proposed_Trails.geojson,small,DP,0.3,10,7,0.30000000000000004,0.00010307637027729075,0.0006147332070226671,0.721599964890629
Creston to Paso Robles Trail,Mechanical,Proposed_Trails.geojson,small,VW,0.3,10,7,0.30000000000000004,7.04024835669223e-05,0.0006851962049867913,0.03860000288113952
Creston to Paso Robles Trail,Mechanical,Proposed_Trails.geojson,small,DP,0.5,10,5,0.5,0.0001539272789760155,0.001085250714642452,0.9543999913148582
Creston to Paso Robles Trail,Mechanical,Proposed_Trails.geojson,small,VW,0.5,10,5,0.5,0.00016128092360211902,0.0011004780117344372,0.0391000066883862
Creston to Paso Robles Trail,Mechanical,Proposed_Trails.geojson,small,DP,0.7,10,4,0.6,0.00028904861987014927,0.001391314118200697,0.7612000335939229
Creston to Paso Robles Trail,Mechanical,Proposed_Trails.geojson,small,VW,0.7,10,4,0.6,0.0002655381653465773,0.0011004780117344372,0.05470000905916095
Creston to Paso Robles Trail,Mechanical,Proposed_Trails.geojson,small,DP,0.9,10,2,0.8,0.0012565120494998174,0.0034592819873193862,0.6274000043049455
Creston to Paso Robles Trail,Mechanical,Proposed_Trails.geojson,small,VW,0.9,10,2,0.8,0.0012565120494998174,0.0034592819873193862,0.06450002547353506
UNNAMED_145,Mechanical,Proposed_Trails.geojson,small,DP,0.3,14,10,0.2857142857142857,8.09571507368838e-05,0.0005154852115857209,1.6883000498637557
UNNAMED_145,Mechanical,Proposed_Trails.geojson,small,VW,0.3,14,10,0.2857142857142857,8.753555004724177e-05,0.0005430991878361917,0.07130001904442906
UNNAMED_145,Mechanical,Proposed_Trails.geojson,small,DP,0.5,14,6,0.5714285714285714,0.00010242475706159696,0.0016793769523593854,1.5024000313133001
UNNAMED_145,Mechanical,Proposed_Trails.geojson,small,VW,0.5,14,7,0.5,0.0001242872530415344,0.0016629344939236236,0.0792999635450542
UNNAMED_145,Mechanical,Proposed_Trails.geojson,small,DP,0.7,14,5,0.6428571428571428,0.0001598243654453962,0.0016793769523593854,0.908499991055578
UNNAMED_145,Mechanical,Proposed_Trails.geojson,small,VW,0.7,14,5,0.6428571428571428,0.0002699813507639817,0.0024346715666292225,0.05449994932860136
UNNAMED_145,Mechanical,Proposed_Trails.geojson,small,DP,0.9,14,2,0.8571428571428572,0.0024667888510799957,0.005762251117986887,0.4388000234030187
UNNAMED_145,Mechanical,Proposed_Trails.geojson,small,VW,0.9,14,2,0.8571428571428572,0.0024667888510799957,0.005762251117986887,0.05329999839887023
Cypress Mountain to Cambria,Mechanical,Proposed_Trails.geojson,small,DP,0.3,19,14,0.26315789473684215,9.33921659229998e-05,0.001088457807187224,1.6547999694012105
Cypress Mountain to Cambria,Mechanical,Proposed_Trails.geojson,small,VW,0.3,19,14,0.26315789473684215,0.0001003821387381648,0.0006694355027350647,0.0751999905332923
Cypress Mountain to Cambria,Mechanical,Proposed_Trails.geojson,small,DP,0.5,19,10,0.4736842105263158,0.00016097241669824555,0.0011298578737276455,2.3408999550156295
Cypress Mountain to Cambria,Mechanical,Proposed_Trails.geojson,small,VW,0.5,19,10,0.4736842105263158,0.00022645118771528184,0.001088457807187224,0.062000006437301636
Cypress Mountain to Cambria,Mechanical,Proposed_Trails.geojson,small,DP,0.7,19,5,0.736842105263158,0.0004170164445853003,0.004590770860628611,1.278200012166053
Cypress Mountain to Cambria,Mechanical,Proposed_Trails.geojson,small,VW,0.7,19,6,0.6842105263157895,0.00039499911029407616,0.003813724743244373,0.06680004298686981
Cypress Mountain to Cambria,Mechanical,Proposed_Trails.geojson,small,DP,0.9,19,2,0.8947368421052632,0.0031923989673212903,0.008393518757506057,0.7597999647259712
Cypress Mountain to Cambria,Mechanical,Proposed_Trails.geojson,small,VW,0.9,19,2,0.8947368421052632,0.0031923989673212903,0.008393518757506057,0.1406000228598714
Avila Beach to Harford Pier Trail,Mechanical,Proposed_Trails.geojson,small,DP,0.3,27,19,0.2962962962962963,5.8527605001513545e-05,0.0013135732384929925,3.8989000022411346
Avila Beach to Harford Pier Trail,Mechanical,Proposed_Trails.geojson,small,VW,0.3,27,19,0.2962962962962963,4.135631797887153e-05,0.0013135732384929925,0.10219996329396963
Avila Beach to Harford Pier Trail,Mechanical,Proposed_Trails.geojson,small,DP,0.5,27,14,0.4814814814814815,9.587449975278474e-05,0.0018943395801733845,2.328900038264692
Avila Beach to Harford Pier Trail,Mechanical,Proposed_Trails.geojson,small,VW,0.5,27,14,0.4814814814814815,8.169200846193309e-05,0.0013135732384929925,0.11339999036863446
Avila Beach to Harford Pier Trail,Mechanical,Proposed_Trails.geojson,small,DP,0.7,27,9,0.6666666666666667,0.00016941933238276863,0.0020662414590579777,2.088800014462322
Avila Beach to Harford Pier Trail,Mechanical,Proposed_Trails.geojson,small,VW,0.7,27,9,0.6666666666666667,0.00025133236569369283,0.0016094942434064026,0.14739995822310448
Avila Beach to Harford Pier Trail,Mechanical,Proposed_Trails.geojson,small,DP,0.9,27,3,0.8888888888888888,0.0013659370697391257,0.0066508656877104985,1.379899971652776
Avila Beach to Harford Pier Trail,Mechanical,Proposed_Trails.geojson,small,VW,0.9,27,3,0.8888888888888888,0.0014337947255541352,0.00613032402232231,0.18129998352378607
Arroyo Grande Creek Trail,Mechanical,Proposed_Trails.geojson,small,DP,0.3,32,22,0.3125,8.58201782852999e-05,0.000790319679187206,5.189500050619245
Arroyo Grande Creek Trail,Mechanical,Proposed_Trails.geojson,small,VW,0.3,32,23,0.28125,0.00011602983775952817,0.0006372484931779414,0.10840001050382853
Arroyo Grande Creek Trail,Mechanical,Proposed_Trails.geojson,small,DP,0.5,32,16,0.5,0.00015177030391673517,0.0009307740542894897,2.8726999880746007
Arroyo Grande Creek Trail,Mechanical,Proposed_Trails.geojson,small,VW,0.5,32,16,0.5,0.00015177030391673517,0.000790319679187206,0.10359997395426035
Arroyo Grande Creek Trail,Mechanical,Proposed_Trails.geojson,small,DP,0.7,32,10,0.6875,0.0003369965288573594,0.0020507417429779513,2.8720999835059047
Arroyo Grande Creek Trail,Mechanical,Proposed_Trails.geojson,small,VW,0.7,32,10,0.6875,0.00033935118851368784,0.0014284135493521594,0.12310000602155924
Arroyo Grande Creek Trail,Mechanical,Proposed_Trails.geojson,small,DP,0.9,32,4,0.875,0.0011785194958067646,0.003939170118122611,2.678500022739172
Arroyo Grande Creek Trail,Mechanical,Proposed_Trails.geojson,small,VW,0.9,32,4,0.875,0.0012413667480320697,0.004239899192722002,0.20969996694475412
EAGLE VIEW SPUR,Mechanical,County_Trails.geojson,small,DP,0.3,43,30,0.3023255813953488,8.871130766760125e-06,0.00013180152885936827,6.463300029281527
EAGLE VIEW SPUR,Mechanical,County_Trails.geojson,small,VW,0.3,43,31,0.2790697674418605,1.1438231008335709e-05,0.00010953935388636838,0.1694000093266368
EAGLE VIEW SPUR,Mechanical,County_Trails.geojson,small,DP,0.5,43,22,0.4883720930232558,1.3217455561935042e-05,0.0002028463594334679,5.469800031278282
EAGLE VIEW SPUR,Mechanical,County_Trails.geojson,small,VW,0.5,43,22,0.4883720930232558,1.265556510517955e-05,0.00016038061416962857,0.14180003199726343
EAGLE VIEW SPUR,Mechanical,County_Trails.geojson,small,DP,0.7,43,14,0.6744186046511628,3.2510234687934084e-05,0.0002028463594334679,3.513700037728995
EAGLE VIEW SPUR,Mechanical,County_Trails.geojson,small,VW,0.7,43,13,0.6976744186046512,4.298562025806906e-05,0.00033262142408772654,0.17690000822767615
EAGLE VIEW SPUR,Mechanical,County_Trails.geojson,small,DP,0.9,43,4,0.9069767441860466,9.174025137980895e-05,0.0009543482909230787,3.5672999802045524
EAGLE VIEW SPUR,Mechanical,County_Trails.geojson,small,VW,0.9,43,5,0.8837209302325582,9.718307176770325e-05,0.0006705325016402095,0.3465000190772116
BLACKBERRY SPRINGS TRAIL,Mechanical,County_Trails.geojson,small,DP,0.3,57,40,0.29824561403508776,3.741155383361004e-06,9.892185782503289e-05,6.571400037501007
BLACKBERRY SPRINGS TRAIL,Mechanical,County_Trails.geojson,small,VW,0.3,57,40,0.29824561403508776,5.4441347972349195e-06,7.014222835101482e-05,0.152299995534122
BLACKBERRY SPRINGS TRAIL,Mechanical,County_Trails.geojson,small,DP,0.5,57,29,0.49122807017543857,6.7955016905866825e-06,0.0001475356092896742,9.607599989976734
BLACKBERRY SPRINGS TRAIL,Mechanical,County_Trails.geojson,small,VW,0.5,57,29,0.49122807017543857,1.3908727166766667e-05,9.892185782503289e-05,0.42050000047311187
BLACKBERRY SPRINGS TRAIL,Mechanical,County_Trails.geojson,small,DP,0.7,57,19,0.6666666666666667,1.5618839741661717e-05,0.00018711477985915902,7.121399976313114
BLACKBERRY SPRINGS TRAIL,Mechanical,County_Trails.geojson,small,VW,0.7,57,18,0.6842105263157895,1.760695316454315e-05,0.00018391631324524775,0.33979996806010604
BLACKBERRY SPRINGS TRAIL,Mechanical,County_Trails.geojson,small,DP,0.9,57,6,0.8947368421052632,5.283560246895507e-05,0.0005239471090174514,6.2766000046394765
BLACKBERRY SPRINGS TRAIL,Mechanical,County_Trails.geojson,small,VW,0.9,57,6,0.8947368421052632,0.0001068844735742123,0.000516022988715524,0.4624000284820795
MARINA TRAIL,Mechanical,County_Trails.geojson,small,DP,0.3,76,54,0.2894736842105263,1.9990472912251515e-06,0.00013578477329181243,14.813400979619473
MARINA TRAIL,Mechanical,County_Trails.geojson,small,VW,0.3,76,54,0.2894736842105263,3.1956931282762782e-06,0.00010575376446523575,0.3190000425092876
MARINA TRAIL,Mechanical,County_Trails.geojson,small,DP,0.5,76,38,0.5,7.511614016236884e-06,0.000281787529281596,13.440400012768805
MARINA TRAIL,Mechanical,County_Trails.geojson,small,VW,0.5,76,38,0.5,1.4260996948712475e-05,0.0001683160739068965,0.4058999475091696
MARINA TRAIL,Mechanical,County_Trails.geojson,small,DP,0.7,76,23,0.6973684210526316,1.6499393901327828e-05,0.0005499729614829114,12.70469999872148
MARINA TRAIL,Mechanical,County_Trails.geojson,small,VW,0.7,76,23,0.6973684210526316,3.340459391392352e-05,0.000281787529281596,0.4811999970115721
MARINA TRAIL,Mechanical,County_Trails.geojson,small,DP,0.9,76,8,0.8947368421052632,0.00011026550490163626,0.0006885839344929936,11.0588000388816
MARINA TRAIL,Mechanical,County_Trails.geojson,small,VW,0.9,76,8,0.8947368421052632,0.00011026550490163626,0.0006885839344929936,0.4493999877013266
HIGH MOUNTAIN,Mechanical,County_Trails.geojson,small,DP,0.3,95,67,0.2947368421052632,5.582548577116558e-06,0.0002594077289670485,13.14270100556314
HIGH MOUNTAIN,Mechanical,County_Trails.geojson,small,VW,0.3,95,67,0.2947368421052632,6.665791498548116e-06,0.00023634260396878355,0.39709999691694975
HIGH MOUNTAIN,Mechanical,County_Trails.geojson,small,DP,0.5,95,48,0.49473684210526314,1.4441540552383175e-05,0.00046175050999598406,15.407399972900748
HIGH MOUNTAIN,Mechanical,County_Trails.geojson,small,VW,0.5,95,48,0.49473684210526314,2.394053012833615e-05,0.0003439262789549135,0.5018999800086021
HIGH MOUNTAIN,Mechanical,County_Trails.geojson,small,DP,0.7,95,29,0.6947368421052631,3.0632396869781044e-05,0.0008881182060832258,11.265199980698526
HIGH MOUNTAIN,Mechanical,County_Trails.geojson,small,VW,0.7,95,29,0.6947368421052631,3.0632396869781044e-05,0.0008089478312997808,0.6265999982133508
HIGH MOUNTAIN,Mechanical,County_Trails.geojson,small,DP,0.9,95,10,0.8947368421052632,0.0001619048110370443,0.002185051228630207,11.20539999101311
HIGH MOUNTAIN,Mechanical,County_Trails.geojson,small,VW,0.9,95,10,0.8947368421052632,0.0001669604206928886,0.002265540129374757,0.44899998465552926
CAMP FRENCH ROAD,Mechanical,County_Trails.geojson,small,DP,0.3,163,115,0.29447852760736193,6.1395504967087875e-06,0.00032241406972780803,28.76539999851957
CAMP FRENCH ROAD,Mechanical,County_Trails.geojson,small,VW,0.3,163,115,0.29447852760736193,2.545386721388997e-05,0.00027878864235667173,0.5336999893188477
CAMP FRENCH ROAD,Mechanical,County_Trails.geojson,small,DP,0.5,163,82,0.49693251533742333,1.3181445866524653e-05,0.0005176197137868887,27.029899996705353
CAMP FRENCH ROAD,Mechanical,County_Trails.geojson,small,VW,0.5,163,82,0.49693251533742333,2.545386721388997e-05,0.00032241406972780803,0.8097999962046742
CAMP FRENCH ROAD,Mechanical,County_Trails.geojson,small,DP,0.7,163,49,0.6993865030674846,3.383872658848971e-05,0.0007428009571244266,21.02079999167472
CAMP FRENCH ROAD,Mechanical,County_Trails.geojson,small,VW,0.7,163,49,0.6993865030674846,5.9685750554712486e-05,0.0005176197137868887,0.6481999880634248
CAMP FRENCH ROAD,Mechanical,County_Trails.geojson,small,DP,0.9,163,17,0.8957055214723927,0.0002184623761812762,0.0015443411809942399,16.668500029481947
CAMP FRENCH ROAD,Mechanical,County_Trails.geojson,small,VW,0.9,163,17,0.8957055214723927,0.0006744632443033534,0.0014553649690687855,1.1125000310130417
SANDSTONE,Mechanical,County_Trails.geojson,small,DP,0.3,205,144,0.29756097560975614,1.1406179141511474e-05,0.0006930987228904722,36.99840104673058
SANDSTONE,Mechanical,County_Trails.geojson,small,VW,0.3,205,144,0.29756097560975614,1.9729022760476518e-05,0.00039936392236420104,0.8275999571196735
SANDSTONE,Mechanical,County_Trails.geojson,small,DP,0.5,205,102,0.5024390243902439,2.2369551705792656e-05,0.0006930987228904722,42.26469999412075
SANDSTONE,Mechanical,County_Trails.geojson,small,VW,0.5,205,103,0.4975609756097561,3.891327462837703e-05,0.0007448055372466125,0.5808999994769692
SANDSTONE,Mechanical,County_Trails.geojson,small,DP,0.7,205,62,0.697560975609756,5.730907533310406e-05,0.0012054202900820665,34.11160100949928
SANDSTONE,Mechanical,County_Trails.geojson,small,VW,0.7,205,62,0.697560975609756,0.000103568726714573,0.0008649565649926902,1.2359999818727374
SANDSTONE,Mechanical,County_Trails.geojson,small,DP,0.9,205,20,0.9024390243902439,0.0004076004435639027,0.0023176946826099693,28.284900006838143
SANDSTONE,Mechanical,County_Trails.geojson,small,VW,0.9,205,21,0.8975609756097561,0.00038080642075651185,0.0016333234224129112,1.0569999576546252
BISHOP PEAK,Mechanical,County_Trails.geojson,small,DP,0.3,347,243,0.2997118155619597,2.885508772770858e-06,0.00013122953100996526,67.38830002723262
BISHOP PEAK,Mechanical,County_Trails.geojson,small,VW,0.3,347,243,0.2997118155619597,1.544941626174356e-05,0.00010931429450379318,1.4770000125281513
BISHOP PEAK,Mechanical,County_Trails.geojson,small,DP,0.5,347,174,0.49855907780979825,8.506956414590244e-06,0.00016516823419544644,63.27540101483464
BISHOP PEAK,Mechanical,County_Trails.geojson,small,VW,0.5,347,174,0.49855907780979825,2.3622621649900273e-05,0.00013122953100996526,1.8182999920099974
BISHOP PEAK,Mechanical,County_Trails.geojson,small,DP,0.7,347,105,0.6974063400576369,1.6775150069417218e-05,0.00027724181844108596,69.17179998708889
BISHOP PEAK,Mechanical,County_Trails.geojson,small,VW,0.7,347,105,0.6974063400576369,6.885244702225512e-05,0.00018486425286851088,2.3227999918162823
BISHOP PEAK,Mechanical,County_Trails.geojson,small,DP,0.9,347,35,0.899135446685879,8.315046365541166e-05,0.0005831653701658931,64.05160098802298
BISHOP PEAK,Mechanical,County_Trails.geojson,small,VW,0.9,347,35,0.899135446685879,0.00015330073865338202,0.0005816840584795847,2.1371000329963863
OVERPASS_MEDIUM_01,Mechanical,overpass_tiles,medium,DP,0.9,14572,1457,0.9000137249519626,0.002860981125416704,0.006961138484472018,6147.368050995283
OVERPASS_MEDIUM_01,Mechanical,overpass_tiles,medium,VW,0.9,14572,1458,0.8999451001921493,0.0017849630136278387,0.007309302839527405,311.98609701823443
Lake,Organic,California_Counties_68233851330457591.geojson,medium,DP,0.9,5178,518,0.8999613750482812,69.29273153812765,6743.611795934361,1675.5255859461613
Lake,Organic,California_Counties_68233851330457591.geojson,medium,VW,0.9,5178,518,0.8999613750482812,207.57859481007318,6743.611795934361,64.72679902799428
OVERPASS_MEDIUM_01,Mechanical,overpass_tiles,medium,DP,0.7,14572,4372,0.6999725500960747,0.005287181829675332,0.00791104803423463,5895.5799550167285
OVERPASS_MEDIUM_01,Mechanical,overpass_tiles,medium,VW,0.7,14572,4372,0.6999725500960747,0.0016754457615779817,0.010769936165078636,199.6708980295807
Lake,Organic,California_Counties_68233851330457591.geojson,medium,DP,0.7,5178,1554,0.6998841251448435,4873.0849464439325,13806.42410720366,1822.5708869867958
Lake,Organic,California_Counties_68233851330457591.geojson,medium,VW,0.7,5178,1554,0.6998841251448435,1455.1828616924545,5145.69454324403,55.85679999785498
OVERPASS_MEDIUM_01,Mechanical,overpass_tiles,medium,DP,0.7,14572,4372,0.6999725500960747,0.001438907835827212,0.003631794191576216,5301.304030988831
OVERPASS_MEDIUM_01,Mechanical,overpass_tiles,medium,VW,0.7,14572,4372,0.6999725500960747,0.002431970487065076,0.011229545462751366,164.46640098001808
OVERPASS_MEDIUM_05,Mechanical,overpass_tiles,medium,DP,0.7,14996,4499,0.6999866631101628,0.002981353096461581,0.008906497403582934,5125.448698003311
OVERPASS_MEDIUM_05,Mechanical,overpass_tiles,medium,VW,0.7,14996,4499,0.6999866631101628,0.002100102254314017,0.007150632152469136,160.37980001419783
Lake,Organic,California_Counties_68233851330457591.geojson,medium,DP,0.7,5178,1554,0.6998841251448435,1803.1247951342866,6788.220098160324,1946.589105995372
Lake,Organic,California_Counties_68233851330457591.geojson,medium,VW,0.7,5178,1554,0.6998841251448435,1473.495885162506,4911.749699189436,54.15869998978451
Napa,Organic,California_Counties_68233851330457591.geojson,medium,DP,0.7,15520,4657,0.6999355670103093,4444.833519653427,11776.530450444376,6422.681324009318
Napa,Organic,California_Counties_68233851330457591.geojson,medium,VW,0.7,15520,4657,0.6999355670103093,1398.2037864648953,3589.443413034289,209.36350000556558
Lake,Organic,California_Counties_68233851330457591.geojson,medium,DP,0.9,5178,518,0.8999613750482812,67.87292935143236,6788.220098160324,1634.2810060014017
Lake,Organic,California_Counties_68233851330457591.geojson,medium,VW,0.9,5178,518,0.8999613750482812,205.03790749904866,6788.220098160324,52.79790097847581
Napa,Organic,California_Counties_68233851330457591.geojson,medium,DP,0.9,15520,1552,0.9,4463.944681633799,11776.530450444376,5381.826444005128
Napa,Organic,California_Counties_68233851330457591.geojson,medium,VW,0.9,15520,1552,0.9,175.5090221729367,6962.448063349728,215.97540198126808
OVERPASS_LARGE_A,Mechanical,overpass_tiles,large,DP,0.7,384507,2369,0.703875,0.06451197275204605,0.10989294296418811,790.5293959775008
OVERPASS_LARGE_A,Mechanical,overpass_tiles,large,VW,0.7,384507,2401,0.699875,0.06825863659247457,0.10297002867339354,105.18469999078661
OVERPASS_LARGE_A,Mechanical,overpass_tiles,large,DP,0.9,384507,804,0.8995,0.03146872065242483,0.110620379067334,690.5586969805881
OVERPASS_LARGE_A,Mechanical,overpass_tiles,large,VW,0.9,384507,800,0.9,0.06683932919813179,0.10163357620639023,102.59049996966496
OVERPASS_LARGE_B,Mechanical,overpass_tiles,large,DP,0.7,384497,2367,0.704125,0.04231878967122067,0.11395075354774949,745.1431180234067
OVERPASS_LARGE_B,Mechanical,overpass_tiles,large,VW,0.7,384497,2401,0.699875,0.04317265353311353,0.13928066745076267,93.63520296756178
OVERPASS_LARGE_B,Mechanical,overpass_tiles,large,DP,0.9,384497,826,0.89675,0.04317265353311353,0.13928066745076267,677.9571159859188
OVERPASS_LARGE_B,Mechanical,overpass_tiles,large,VW,0.9,384497,800,0.9,0.0520737409641395,0.13928066745076267,95.56890302337706
CA_ORGANIC_LARGE_AGG,Organic,California_Counties_68233851330457591.geojson,large,DP,0.7,292301,279,0.965125,24548.504958558893,108996.33458614335,405.33690998563543
CA_ORGANIC_LARGE_AGG,Organic,California_Counties_68233851330457591.geojson,large,VW,0.7,292301,2401,0.699875,48491.43393113991,69404.73770707476,93.79910299321637
CA_ORGANIC_LARGE_AGG,Organic,California_Counties_68233851330457591.geojson,large,DP,0.9,292301,279,0.965125,24548.504958558893,108996.33458614335,432.6468509971164
CA_ORGANIC_LARGE_AGG,Organic,California_Counties_68233851330457591.geojson,large,VW,0.9,292301,800,0.9,5288.892189793236,75865.34724880099,103.53511199355125
